Date,Close,Volume
12/29/2023,192.53,42672150
12/28/2023,193.58,34049900
12/27/2023,193.15,48087680
12/26/2023,193.05,28919310
12/22/2023,193.6,37149570
12/21/2023,194.68,46482550
12/20/2023,194.83,52242820
12/19/2023,196.94,40714050
12/18/2023,195.89,55751860
12/15/2023,197.57,128538400
12/14/2023,198.11,66831570
12/13/2023,197.96,70404180
12/12/2023,194.71,52696900
12/11/2023,193.18,60943700
12/08/2023,195.71,53406360
12/07/2023,194.27,47477660
12/06/2023,192.32,41089740
12/05/2023,193.42,66628400
12/04/2023,189.43,43389520
12/01/2023,191.24,45704820
11/30/2023,189.95,48794370
11/29/2023,189.37,43014220
11/28/2023,190.4,38415420
11/27/2023,189.79,40552610
11/24/2023,189.97,24048340
11/22/2023,191.31,39630010
11/21/2023,190.64,38134490
11/20/2023,191.45,46538610
11/17/2023,189.69,50941400
11/16/2023,189.71,54412920
11/15/2023,188.01,53790500
11/14/2023,187.44,60108380
11/13/2023,184.8,43627520
11/10/2023,186.4,66177920
11/09/2023,182.41,53763540
11/08/2023,182.89,49340280
11/07/2023,181.82,70529970
11/06/2023,179.23,63841310
11/03/2023,176.65,79829250
11/02/2023,177.57,77334750
11/01/2023,173.97,56934910
10/31/2023,170.77,44846020
10/30/2023,170.29,51130960
10/27/2023,168.22,58499130
10/26/2023,166.89,70625260
10/25/2023,171.1,57156960
10/24/2023,173.44,43816640
10/23/2023,173.0,55980110
10/20/2023,172.88,64244030
10/19/2023,175.46,59302860
10/18/2023,175.84,54764380
10/17/2023,177.15,57549350
10/16/2023,178.72,52516980
10/13/2023,178.85,51456080
10/12/2023,180.71,56743120
10/11/2023,179.8,47551100
10/10/2023,178.39,43698020
10/09/2023,178.99,42390770
10/06/2023,177.49,57266680
10/05/2023,174.91,48527920
10/04/2023,173.66,53020290
10/03/2023,172.4,49594610
10/02/2023,173.75,52164540
09/29/2023,171.21,51861080
09/28/2023,170.69,56294420
09/27/2023,170.43,66921810
09/26/2023,171.96,64588950
09/25/2023,176.08,46172740
09/22/2023,174.79,56725390
09/21/2023,173.93,63149120
09/20/2023,175.49,58436180
09/19/2023,179.07,51826940
09/18/2023,177.97,67257570
09/15/2023,175.01,109259500
09/14/2023,175.74,60895760
09/13/2023,174.21,84267930
09/12/2023,176.3,90370190
09/11/2023,179.36,58953050
09/08/2023,178.18,65602070
09/07/2023,177.56,112488800
09/06/2023,182.91,81755820
09/05/2023,189.7,45280030
09/01/2023,189.46,45766500
08/31/2023,187.87,60794470
08/30/2023,187.65,60813890
08/29/2023,184.12,53003950
08/28/2023,180.19,43820700
08/25/2023,178.61,51449590
08/24/2023,176.38,54945800
08/23/2023,181.12,52722750
08/22/2023,177.23,42084250
08/21/2023,175.84,46311880
08/18/2023,174.49,61172150
08/17/2023,174.0,66062880
08/16/2023,176.57,46964860
08/15/2023,177.45,43622590
08/14/2023,179.46,43675630
08/11/2023,177.79,52036670
08/10/2023,177.97,54686850
08/09/2023,178.19,60378490
08/08/2023,179.8,67823000
08/07/2023,178.85,97576070
08/04/2023,181.99,115956800
08/03/2023,191.17,62243280
08/02/2023,192.58,50389330
08/01/2023,195.6,35281430
07/31/2023,196.45,38824110
07/28/2023,195.83,48291440
07/27/2023,193.22,47460180
07/26/2023,194.5,47471870
07/25/2023,193.62,37283200
07/24/2023,192.75,45505100
07/21/2023,191.94,71951680
07/20/2023,193.13,59581200
07/19/2023,195.1,80507320
07/18/2023,193.73,48353770
07/17/2023,193.99,50520160
07/14/2023,190.69,41616240
07/13/2023,190.54,41342340
07/12/2023,189.77,60750250
07/11/2023,188.08,46638120
07/10/2023,188.61,59922160
07/07/2023,190.68,46815000
07/06/2023,191.81,45156010
07/05/2023,191.33,46920260
07/03/2023,192.46,31346600
06/30/2023,193.97,85213220
06/29/2023,189.59,46347310
06/28/2023,189.25,51216800
06/27/2023,188.06,50730850
06/26/2023,185.27,48088660
06/23/2023,186.68,53117000
06/22/2023,187.0,51245330
06/21/2023,183.96,49515700
06/20/2023,185.01,49799090
06/16/2023,184.92,101256200
06/15/2023,186.01,65433170
06/14/2023,183.95,57462880
06/13/2023,183.31,54929130
06/12/2023,183.79,54755000
06/09/2023,180.96,48899970
06/08/2023,180.57,50214880
06/07/2023,177.82,61944620
06/06/2023,179.21,64848370
06/05/2023,179.58,121946500
06/02/2023,180.95,61996910
06/01/2023,180.09,68901810
05/31/2023,177.25,99625290
05/30/2023,177.3,55964400
05/26/2023,175.43,54834980
05/25/2023,172.99,56058260
05/24/2023,171.84,45143490
05/23/2023,171.56,50747260
05/22/2023,174.2,43570930
05/19/2023,175.16,55809480
05/18/2023,175.05,65496660
05/17/2023,172.69,57951600
05/16/2023,172.07,42110290
05/15/2023,172.07,37266660
05/12/2023,172.57,45533140
05/11/2023,173.75,49514680
05/10/2023,173.56,53724500
05/09/2023,171.77,45326870
05/08/2023,173.5,55962790
05/05/2023,173.57,113453200
05/04/2023,165.79,81235430
05/03/2023,167.45,65136020
05/02/2023,168.54,48425700
05/01/2023,169.59,52472940
04/28/2023,169.68,55275850
04/27/2023,168.41,64902330
04/26/2023,163.76,45498800
04/25/2023,163.77,48714060
04/24/2023,165.33,41949580
04/21/2023,165.02,58337340
04/20/2023,166.65,52456380
04/19/2023,167.63,47720170
04/18/2023,166.47,49923010
04/17/2023,165.23,41516220
04/14/2023,165.21,49386480
04/13/2023,165.56,68445650
04/12/2023,160.1,50133060
04/11/2023,160.8,47644220
04/10/2023,162.03,47716880
04/06/2023,164.66,45390120
04/05/2023,163.76,51511740
04/04/2023,165.63,46278300
04/03/2023,166.17,56976190
03/31/2023,164.9,68749790
03/30/2023,162.36,49501690
03/29/2023,160.77,51305690
03/28/2023,157.65,45992150
03/27/2023,158.28,52390270
03/24/2023,160.25,59256340
03/23/2023,158.93,67622060
03/22/2023,157.83,75701810
03/21/2023,159.28,73938290
03/20/2023,157.4,73641420
03/17/2023,155.0,98944630
03/16/2023,155.85,76254420
03/15/2023,152.99,77167870
03/14/2023,152.59,73695890
03/13/2023,150.47,84457120
03/10/2023,148.5,68572400
03/09/2023,150.59,53833580
03/08/2023,152.87,47204790
03/07/2023,151.6,56182030
03/06/2023,153.83,87558030
03/03/2023,151.03,70732300
03/02/2023,145.91,52279760
03/01/2023,145.31,55478990
02/28/2023,147.41,50547000
02/27/2023,147.92,44998470
02/24/2023,146.71,55469610
02/23/2023,149.4,48394250
02/22/2023,148.91,51011310
02/21/2023,148.48,58867230
02/17/2023,152.55,59144120
02/16/2023,153.71,68167940
02/15/2023,155.33,65669250
02/14/2023,153.2,61707570
02/13/2023,153.85,62199010
02/10/2023,151.01,57450710
02/09/2023,150.87,56007140
02/08/2023,151.92,64120080
02/07/2023,154.65,83322550
02/06/2023,151.73,69858310
02/03/2023,154.5,154357300
02/02/2023,150.82,118339000
02/01/2023,145.43,77663630
01/31/2023,144.29,65874460
01/30/2023,143.0,64015270
01/27/2023,145.93,70555840
01/26/2023,143.96,54105070
01/25/2023,141.86,65799350
01/24/2023,142.53,66435140
01/23/2023,141.11,81760310
01/20/2023,137.87,80223630
01/19/2023,135.27,58280410
01/18/2023,135.21,69672800
01/17/2023,135.94,63646630
01/13/2023,134.76,57809720
01/12/2023,133.41,71379650
01/11/2023,133.49,69458950
01/10/2023,130.73,63896160
01/09/2023,130.15,70790810
01/06/2023,129.62,87754720
01/05/2023,125.02,80962710
01/04/2023,126.36,89113630
01/03/2023,125.07,112117500
12/30/2022,129.93,77034210
12/29/2022,129.61,75703710
12/28/2022,126.04,85438390
12/27/2022,130.03,69007830
12/23/2022,131.86,63814890
12/22/2022,132.23,77852110
12/21/2022,135.45,85927990
12/20/2022,132.3,77432820
12/19/2022,132.37,79592610
12/16/2022,134.51,160156900
12/15/2022,136.5,98931910
12/14/2022,143.21,82291180
12/13/2022,145.47,93886160
12/12/2022,144.49,70462650
12/09/2022,142.16,76097010
12/08/2022,142.65,62128340
12/07/2022,140.94,69721090
12/06/2022,142.91,64727190
12/05/2022,146.63,68826440
12/02/2022,147.81,65447450
12/01/2022,148.31,71250420
11/30/2022,148.03,111380900
11/29/2022,141.17,83763800
11/28/2022,144.22,69346520
11/25/2022,148.11,35195860
11/23/2022,151.07,58301400
11/22/2022,150.18,51804130
11/21/2022,148.01,58724070
11/18/2022,151.29,74829570
11/17/2022,150.72,80389400
11/16/2022,148.79,64218270
11/15/2022,150.04,89868330
11/14/2022,148.28,73374110
11/11/2022,149.7,93979670
11/10/2022,146.87,118854000
11/09/2022,134.87,74917790
11/08/2022,139.5,89908480
11/07/2022,138.92,83374630
11/04/2022,138.38,140814800
11/03/2022,138.88,97918520
11/02/2022,145.03,93604620
11/01/2022,150.65,80379350
10/31/2022,153.34,97943170
10/28/2022,155.74,164762400
10/27/2022,144.8,109180200
10/26/2022,149.35,88436170
10/25/2022,152.34,74732290
10/24/2022,149.45,75981920
10/21/2022,147.27,86548610
10/20/2022,143.39,64521990
10/19/2022,143.86,61758340
10/18/2022,143.75,99136610
10/17/2022,142.41,85250940
10/14/2022,138.38,88597970
10/13/2022,142.99,113224000
10/12/2022,138.34,70433740
10/11/2022,138.98,77033670
10/10/2022,140.42,74899000
10/07/2022,140.09,85925560
10/06/2022,145.43,68402170
10/05/2022,146.4,79470970
10/04/2022,146.1,87830060
10/03/2022,142.45,114311700
09/30/2022,138.2,124925300
09/29/2022,142.48,128138200
09/28/2022,149.84,146691400
09/27/2022,151.76,84442740
09/26/2022,150.77,93339410
09/23/2022,150.43,96029910
09/22/2022,152.74,86652540
09/21/2022,153.72,101696800
09/20/2022,156.9,107689800
09/19/2022,154.48,81474250
09/16/2022,150.7,162278800
09/15/2022,152.37,90481110
09/14/2022,155.31,87965410
09/13/2022,153.84,122656600
09/12/2022,163.43,104956000
09/09/2022,157.37,68081010
09/08/2022,154.46,84923850
09/07/2022,155.96,87449570
09/06/2022,154.53,73714840
09/02/2022,155.81,76957770
09/01/2022,157.96,74229900
08/31/2022,157.22,87991090
08/30/2022,158.91,77906200
08/29/2022,161.38,73313950
08/26/2022,163.62,78960980
08/25/2022,170.03,51218210
08/24/2022,167.53,53841520
08/23/2022,167.23,54147080
08/22/2022,167.57,69026810
08/19/2022,171.52,70346300
08/18/2022,174.15,62290080
08/17/2022,174.55,79542040
08/16/2022,173.03,56377050
08/15/2022,173.19,54091690
08/12/2022,172.1,68039380
08/11/2022,168.49,57149160
08/10/2022,169.24,70170540
08/09/2022,164.92,63135500
08/08/2022,164.87,60362340
08/05/2022,165.35,56696990
08/04/2022,165.81,55474140
08/03/2022,166.13,82507490
08/02/2022,160.01,59907030
08/01/2022,161.51,67829380
07/29/2022,162.51,101786900
07/28/2022,157.35,81378730
07/27/2022,156.79,78620690
07/26/2022,151.6,55138690
07/25/2022,152.95,53623950
07/22/2022,154.09,66675410
07/21/2022,155.35,65086640
07/20/2022,153.04,64823410
07/19/2022,151.0,82982370
07/18/2022,147.07,81420870
07/15/2022,150.17,76259930
07/14/2022,148.47,78140740
07/13/2022,145.49,71185560
07/12/2022,145.86,77588760
07/11/2022,144.87,63305110
07/08/2022,147.04,64547800
07/07/2022,146.35,66253710
07/06/2022,142.92,74064250
07/05/2022,141.56,73429640
07/01/2022,138.93,71051550
06/30/2022,136.72,98964470
06/29/2022,139.23,66242410
06/28/2022,137.44,67315330
06/27/2022,141.66,70207910
06/24/2022,141.66,89116840
06/23/2022,138.27,72433770
06/22/2022,135.35,73409230
06/21/2022,135.87,81000490
06/17/2022,131.56,134520300
06/16/2022,130.06,107961500
06/15/2022,135.43,91532970
06/14/2022,132.76,84784330
06/13/2022,131.88,122207100
06/10/2022,137.13,91566640
06/09/2022,142.64,69472980
06/08/2022,147.96,53950200
06/07/2022,148.71,67808150
06/06/2022,146.14,71598380
06/03/2022,145.38,88570290
06/02/2022,151.21,72348060
06/01/2022,148.71,74286640
05/31/2022,148.84,103718400
05/27/2022,149.64,90978500
05/26/2022,143.78,90601550
05/25/2022,140.52,92482700
05/24/2022,140.36,104132700
05/23/2022,143.11,117726300
05/20/2022,137.59,137426100
05/19/2022,137.35,136095600
05/18/2022,140.82,109742900
05/17/2022,149.24,78336250
05/16/2022,145.54,86643780
05/13/2022,147.11,113990900
05/12/2022,142.56,182602000
05/11/2022,146.5,142689800
05/10/2022,154.51,115366700
05/09/2022,152.06,131577900
05/06/2022,157.28,116124600
05/05/2022,156.77,130525300
05/04/2022,166.02,108256500
05/03/2022,159.48,88966530
05/02/2022,157.96,123055300
04/29/2022,157.65,131747600
04/28/2022,163.64,130216800
04/27/2022,156.57,88063190
04/26/2022,156.8,95623240
04/25/2022,162.88,96046380
04/22/2022,161.79,84882420
04/21/2022,166.42,87227770
04/20/2022,167.23,67929810
04/19/2022,167.4,67723830
04/18/2022,165.07,69023940
04/14/2022,165.29,75329380
04/13/2022,170.4,70618930
04/12/2022,167.66,79265180
04/11/2022,165.75,72246710
04/08/2022,170.09,76575510
04/07/2022,172.14,77594650
04/06/2022,171.83,89058780
04/05/2022,175.06,73401790
04/04/2022,178.44,76545980
04/01/2022,174.31,78751330
03/31/2022,174.61,103049300
03/30/2022,177.77,92633150
03/29/2022,178.96,100589400
03/28/2022,175.6,90371920
03/25/2022,174.72,80546160
03/24/2022,174.07,90131420
03/23/2022,170.21,98062670
03/22/2022,168.82,81532010
03/21/2022,165.38,95811350
03/18/2022,163.98,123511700
03/17/2022,160.62,75615380
03/16/2022,159.59,102300200
03/15/2022,155.09,92964300
03/14/2022,150.62,108732100
03/11/2022,154.73,96970100
03/10/2022,158.52,105342000
03/09/2022,162.95,91454910
03/08/2022,157.44,131148300
03/07/2022,159.3,96418850
03/04/2022,163.17,83819590
03/03/2022,166.23,76678440
03/02/2022,166.56,79724750
03/01/2022,163.2,83474430
02/28/2022,165.12,95056630
02/25/2022,164.85,91974220
02/24/2022,162.74,141147500
02/23/2022,160.07,90009250
02/22/2022,164.32,91162760
02/18/2022,167.3,82772670
02/17/2022,168.88,69589340
02/16/2022,172.55,61177400
02/15/2022,172.79,64286320
02/14/2022,168.88,86185530
02/11/2022,168.64,98670690
02/10/2022,172.12,90865900
02/09/2022,176.28,71285040
02/08/2022,174.83,74829220
02/07/2022,171.66,77251200
02/04/2022,172.39,82465400
02/03/2022,172.9,89418070
02/02/2022,175.84,84914260
02/01/2022,174.61,86213910
01/31/2022,174.78,115541600
01/28/2022,170.33,179935700
01/27/2022,159.22,121954600
01/26/2022,159.69,108275300
01/25/2022,159.78,115798400
01/24/2022,161.62,162706700
01/21/2022,162.41,122848900
01/20/2022,164.51,91420520
01/19/2022,166.23,94814990
01/18/2022,169.8,91168730
01/14/2022,173.07,80440780
01/13/2022,172.19,84505760
01/12/2022,175.53,74805170
01/11/2022,175.08,76138310
01/10/2022,172.19,106765600
01/07/2022,172.17,86709150
01/06/2022,172.0,96903960
01/05/2022,174.92,94537600
01/04/2022,179.7,99310440
01/03/2022,182.01,104701200
12/31/2021,177.57,64062260
12/30/2021,178.2,59773010
12/29/2021,179.38,62348930
12/28/2021,179.29,79144340
12/27/2021,180.33,74919580
12/23/2021,176.28,68356570
12/22/2021,175.64,92135300
12/21/2021,172.99,91185910
12/20/2021,169.75,107499100
12/17/2021,171.14,195923400
12/16/2021,172.26,150185800
12/15/2021,179.3,131063300
12/14/2021,174.33,139380400
12/13/2021,175.74,153237000
12/10/2021,179.45,115402700
12/09/2021,174.56,108923700
12/08/2021,175.08,116998900
12/07/2021,171.18,120405400
12/06/2021,165.32,107497000
12/03/2021,161.84,118023100
12/02/2021,163.76,136739200
12/01/2021,164.77,152423000
11/30/2021,165.3,174048100
11/29/2021,160.24,88748220
11/26/2021,156.81,76959750
11/24/2021,161.94,69463620
11/23/2021,161.41,96041900
11/22/2021,161.02,117467900
11/19/2021,160.55,117305600
11/18/2021,157.87,137827700
11/17/2021,153.49,88807000
11/16/2021,151.0,59256210
11/15/2021,150.0,59222800
11/12/2021,149.99,63804010
11/11/2021,147.87,40999950
11/10/2021,147.92,65187090
11/09/2021,150.81,56787930
11/08/2021,150.44,55020870
11/05/2021,151.28,65463880
11/04/2021,150.96,60394620
11/03/2021,151.49,54511530
11/02/2021,150.02,69121990
11/01/2021,148.96,74588260
10/29/2021,149.8,124953200
10/28/2021,152.57,100077900
10/27/2021,148.85,56094930
10/26/2021,149.32,60893400
10/25/2021,148.64,50720560
10/22/2021,148.69,58883440
10/21/2021,149.48,61420990
10/20/2021,149.26,58418790
10/19/2021,148.76,76378890
10/18/2021,146.55,85589180
10/15/2021,144.84,67940330
10/14/2021,143.76,69907100
10/13/2021,140.91,78762720
10/12/2021,141.51,73035860
10/11/2021,142.81,64452220
10/08/2021,142.9,58773160
10/07/2021,143.29,61732660
10/06/2021,142.0,83221120
10/05/2021,141.11,80861060
10/04/2021,139.14,98322010
10/01/2021,142.65,94639580
09/30/2021,141.5,89056660
09/29/2021,142.83,74602040
09/28/2021,141.91,108972300
09/27/2021,145.37,74150730
09/24/2021,146.92,53477870
09/23/2021,146.83,64838170
09/22/2021,145.85,76404340
09/21/2021,143.43,75833960
09/20/2021,142.94,123478900
09/17/2021,146.06,129868800
09/16/2021,148.79,68034150
09/15/2021,149.03,83281320
09/14/2021,148.12,109296300
09/13/2021,149.55,102404300
09/10/2021,148.97,140893200
09/09/2021,154.07,57305730
09/08/2021,155.11,74420210
09/07/2021,156.69,82278260
09/03/2021,154.3,57866070
09/02/2021,153.65,71171320
09/01/2021,152.51,80313710
08/31/2021,151.83,86453120
08/30/2021,153.12,90956720
08/27/2021,148.6,55802390
08/26/2021,147.54,48597200
08/25/2021,148.36,58991300
08/24/2021,149.62,48606430
08/23/2021,149.71,60131810
08/20/2021,148.19,60549630
08/19/2021,146.7,86960310
08/18/2021,146.36,86325990
08/17/2021,150.19,92229740
08/16/2021,151.12,103558800
08/13/2021,149.1,59375010
08/12/2021,148.89,73779110
08/11/2021,145.86,48493460
08/10/2021,145.6,69023080
08/09/2021,146.09,48908690
08/06/2021,146.14,54126810
08/05/2021,147.06,46397670
08/04/2021,146.95,56368270
08/03/2021,147.36,64786620
08/02/2021,145.52,62879960
07/30/2021,145.86,70440630
07/29/2021,145.64,56699480
07/28/2021,144.98,118931200
07/27/2021,146.77,104818600
07/26/2021,148.99,72434090
07/23/2021,148.56,71447420
07/22/2021,146.8,77338160
07/21/2021,145.4,74993460
07/20/2021,146.15,96350040
07/19/2021,142.45,121434600
07/16/2021,146.39,93251430
07/15/2021,148.48,106820300
07/14/2021,149.15,127050800
07/13/2021,145.64,100827100
07/12/2021,144.5,76299720
07/09/2021,145.11,99890800
07/08/2021,143.24,105575500
07/07/2021,144.57,104911600
07/06/2021,142.02,108181800
07/02/2021,139.96,78945570
07/01/2021,137.27,52485780
06/30/2021,136.96,63261390
06/29/2021,136.33,64556080
06/28/2021,134.78,62111300
06/25/2021,133.11,70783750
06/24/2021,133.41,68711000
06/23/2021,133.7,60214200
06/22/2021,133.98,74783620
06/21/2021,132.3,79663320
06/18/2021,130.46,108953300
06/17/2021,131.79,96721670
06/16/2021,130.15,91815030
06/15/2021,129.64,62746330
06/14/2021,130.48,96906490
06/11/2021,127.35,53522370
06/10/2021,126.11,71186420
06/09/2021,127.13,56877940
06/08/2021,126.74,74403770
06/07/2021,125.9,71057550
06/04/2021,125.89,75169340
06/03/2021,123.54,76229170
06/02/2021,125.06,59278860
06/01/2021,124.28,67637120
05/28/2021,124.61,71311110
05/27/2021,125.28,94625600
05/26/2021,126.85,56575920
05/25/2021,126.9,72009480
05/24/2021,127.1,63092950
05/21/2021,125.43,79295440
05/20/2021,127.31,76857120
05/19/2021,124.69,92611990
05/18/2021,124.85,63342930
05/17/2021,126.27,74116550
05/14/2021,127.45,81917950
05/13/2021,124.97,105861300
05/12/2021,122.77,112172300
05/11/2021,125.91,126142800
05/10/2021,126.85,88071230
05/07/2021,130.21,78973270
05/06/2021,129.74,78128330
05/05/2021,128.1,84000900
05/04/2021,127.85,137564700
05/03/2021,132.54,75135100
04/30/2021,131.46,109839500
04/29/2021,133.48,151101000
04/28/2021,133.58,107760100
04/27/2021,134.39,66015800
04/26/2021,134.72,66905070
04/23/2021,134.32,78756780
04/22/2021,131.94,84566460
04/21/2021,133.5,68847140
04/20/2021,133.11,94812350
04/19/2021,134.84,94264220
04/16/2021,134.16,84922390
04/15/2021,134.5,89347100
04/14/2021,132.03,87222780
04/13/2021,134.43,91266550
04/12/2021,131.24,91419980
04/09/2021,133.0,106686700
04/08/2021,130.36,88844590
04/07/2021,127.9,83466720
04/06/2021,126.21,80171250
04/05/2021,125.9,88651180
04/01/2021,123.0,75089130
03/31/2021,122.15,118323800
03/30/2021,119.9,85671920
03/29/2021,121.39,80819200
03/26/2021,121.21,94071230
03/25/2021,120.59,98844680
03/24/2021,120.09,88530490
03/23/2021,122.54,95467140
03/22/2021,123.39,111912300
03/19/2021,119.99,185549500
03/18/2021,120.53,121469800
03/17/2021,124.76,111932600
03/16/2021,125.57,115227900
03/15/2021,123.99,92590560
03/12/2021,121.03,88105050
03/11/2021,121.96,103026500
03/10/2021,119.98,111943300
03/09/2021,121.08,129525800
03/08/2021,116.36,154376600
03/05/2021,121.42,153766600
03/04/2021,120.13,178155000
03/03/2021,122.06,112966300
03/02/2021,125.12,102260900
03/01/2021,127.79,116307900
02/26/2021,121.26,164560400
02/25/2021,120.99,148199500
02/24/2021,125.35,111039900
02/23/2021,125.86,158273000
02/22/2021,126.0,103916400
02/19/2021,129.87,87668830
02/18/2021,129.71,96856750
02/17/2021,130.84,98085250
02/16/2021,133.19,80576320
02/12/2021,135.37,60145130
02/11/2021,135.13,64280030
02/10/2021,135.39,73046560
02/09/2021,136.01,76774210
02/08/2021,136.91,71297210
02/05/2021,136.76,75693830
02/04/2021,137.39,84183060
02/03/2021,133.94,89880940
02/02/2021,134.99,83305370
02/01/2021,134.14,106239800
01/29/2021,131.96,177523800
01/28/2021,137.09,142621100
01/27/2021,142.06,140843800
01/26/2021,143.16,98390560
01/25/2021,142.92,157611700
01/22/2021,139.07,114459400
01/21/2021,136.87,120529500
01/20/2021,132.03,104319500
01/19/2021,127.83,90757330
01/15/2021,127.14,111598500
01/14/2021,128.91,90221760
01/13/2021,130.89,88636830
01/12/2021,128.8,91951150
01/11/2021,128.98,100620900
01/08/2021,132.05,105158200
01/07/2021,130.92,109578200
01/06/2021,126.6,155088000
01/05/2021,131.01,97664900
01/04/2021,129.41,143301900
12/31/2020,132.69,99116590
12/30/2020,133.72,96452120
12/29/2020,134.87,121047300
12/28/2020,136.69,124486200
12/24/2020,131.97,54930060
12/23/2020,130.96,88223690
12/22/2020,131.88,169351800
12/21/2020,128.23,121251600
12/18/2020,126.66,192541500
12/17/2020,128.7,94359810
12/16/2020,127.81,98208590
12/15/2020,127.88,157572300
12/14/2020,121.78,79075990
12/11/2020,122.41,86939790
12/10/2020,123.24,81312170
12/09/2020,121.78,115089200
12/08/2020,124.38,82225510
12/07/2020,123.75,86711990
12/04/2020,122.25,78260420
12/03/2020,122.94,78967630
12/02/2020,123.08,89004200
12/01/2020,122.72,128166800
11/30/2020,119.05,169410200
11/27/2020,116.59,46691330
11/25/2020,116.03,76499230
11/24/2020,115.17,113874200
11/23/2020,113.85,127959300
11/20/2020,117.34,73604290
11/19/2020,118.64,74112970
11/18/2020,118.03,76322110
11/17/2020,119.39,74270970
11/16/2020,120.3,91183020
11/13/2020,119.26,81688590
11/12/2020,119.21,103350700
11/11/2020,119.49,112295000
11/10/2020,115.97,138023400
11/09/2020,116.32,154515300
11/06/2020,118.69,114457900
11/05/2020,119.03,126387100
11/04/2020,114.95,138235500
11/03/2020,110.44,107624400
11/02/2020,108.77,122866900
10/30/2020,108.86,190573500
10/29/2020,115.32,146129200
10/28/2020,111.2,143937800
10/27/2020,116.6,92276770
10/26/2020,115.05,111850700
10/23/2020,115.04,82572650
10/22/2020,115.75,101988000
10/21/2020,116.87,89945980
10/20/2020,117.51,124423700
10/19/2020,115.98,120639300
10/16/2020,119.02,115393800
10/15/2020,120.71,112559200
10/14/2020,121.19,151062300
10/13/2020,121.1,262330500
10/12/2020,124.4,240226800
10/09/2020,116.97,100506900
10/08/2020,114.97,83477150
10/07/2020,115.08,96848990
10/06/2020,113.16,161498200
10/05/2020,116.5,106243800
10/02/2020,113.02,144712000
10/01/2020,116.79,116120400
09/30/2020,115.81,142675200
09/29/2020,114.09,100060500
09/28/2020,114.96,137672400
09/25/2020,112.28,149981400
09/24/2020,108.22,167743300
09/23/2020,107.12,150718700
09/22/2020,111.81,183055400
09/21/2020,110.08,195713800
09/18/2020,106.84,287104900
09/17/2020,110.34,178011000
09/16/2020,112.13,155026700
09/15/2020,115.54,184642000
09/14/2020,115.36,140150100
09/11/2020,112.0,180860300
09/10/2020,113.49,182274400
09/09/2020,117.32,176940500
09/08/2020,112.82,231366600
09/04/2020,120.96,332607200
09/03/2020,120.88,257599600
09/02/2020,131.4,200119000
09/01/2020,134.18,152470100
08/31/2020,129.04,225702700
08/28/2020,124.81,187629920
08/27/2020,125.01,155552400
08/26/2020,126.52,163022280
08/25/2020,124.82,211495800
08/24/2020,125.86,345937760
08/21/2020,124.37,338054640
08/20/2020,118.28,126907200
08/19/2020,115.71,145538000
08/18/2020,115.56,105633560
08/17/2020,114.61,119561440
08/14/2020,114.91,165565200
08/13/2020,115.01,210082080
08/12/2020,113.01,165944840
08/11/2020,109.38,187902360
08/10/2020,112.73,212403440
08/07/2020,111.11,198045600
08/06/2020,113.9,202428920
08/05/2020,110.06,121991960
08/04/2020,109.66,172792360
08/03/2020,108.94,308151400
07/31/2020,106.26,374295480
07/30/2020,96.19,158130040
07/29/2020,95.04,90329240
07/28/2020,93.25,103625520
07/27/2020,94.81,121214200
07/24/2020,92.62,185438880
07/23/2020,92.84,197004440
07/22/2020,97.27,89001640
07/21/2020,97.0,103645840
07/20/2020,98.36,90317920
07/17/2020,96.33,92186920
07/16/2020,96.52,110577680
07/15/2020,97.72,153197920
07/14/2020,97.06,170989360
07/13/2020,95.48,191649160
07/10/2020,95.92,90257320
07/09/2020,95.68,125642600
07/08/2020,95.34,117091880
07/07/2020,93.17,112424440
07/06/2020,93.46,118655640
07/02/2020,91.03,114041480
07/01/2020,91.03,110737240
06/30/2020,91.2,140223280
06/29/2020,90.44,130646080
06/26/2020,88.41,205256840
06/25/2020,91.21,137522520
06/24/2020,90.02,192623400
06/23/2020,91.63,212155480
06/22/2020,89.72,135445280
06/19/2020,87.43,264475800
06/18/2020,87.93,96820400
06/17/2020,87.9,114406520
06/16/2020,88.02,165428720
06/15/2020,85.75,138808920
06/12/2020,84.7,200146040
06/11/2020,83.98,201662440
06/10/2020,88.21,166651760
06/09/2020,86.0,147712360
06/08/2020,83.36,95654520
06/05/2020,82.88,137250200
06/04/2020,80.58,87560360
06/03/2020,81.28,104491200
06/02/2020,80.83,87642800
06/01/2020,80.46,81018600
05/29/2020,79.48,153598120
05/28/2020,79.56,133796400
05/27/2020,79.53,112945080
05/26/2020,79.18,125521800
05/22/2020,79.72,81803000
05/21/2020,79.21,102688840
05/20/2020,79.81,111504880
05/19/2020,78.28,101729560
05/18/2020,78.74,135372520
05/15/2020,76.93,166348360
05/14/2020,77.39,158929080
05/13/2020,76.91,200622560
05/12/2020,77.85,162301040
05/11/2020,78.75,145946240
05/08/2020,77.53,134047960
05/07/2020,75.94,115215040
05/06/2020,75.16,142333760
05/05/2020,74.39,147751200
05/04/2020,73.29,133567960
05/01/2020,72.27,240616720
04/30/2020,73.45,183063880
04/29/2020,71.93,137280800
04/28/2020,69.64,112004760
04/27/2020,70.79,117087560
04/24/2020,70.74,126508720
04/23/2020,68.76,124814320
04/22/2020,69.03,117057360
04/21/2020,67.09,180991560
04/20/2020,69.23,130015000
04/17/2020,70.7,215249920
04/16/2020,71.67,157125160
04/15/2020,71.11,131154560
04/14/2020,71.76,194994680
04/13/2020,68.31,131022920
04/09/2020,67.0,162116480
04/08/2020,66.52,168895280
04/07/2020,64.86,202887320
04/06/2020,65.62,201820280
04/03/2020,60.35,129880080
04/02/2020,61.23,165933960
04/01/2020,60.23,176218560
03/31/2020,63.57,197002000
03/30/2020,63.7,167976440
03/27/2020,61.94,204216600
03/26/2020,64.61,252560680
03/25/2020,61.38,303602040
03/24/2020,61.72,287531080
03/23/2020,56.09,336752840
03/20/2020,57.31,401693200
03/19/2020,61.2,271857040
03/18/2020,61.67,300233640
03/17/2020,63.22,324055880
03/16/2020,60.55,322423480
03/13/2020,69.49,370732120
03/12/2020,62.06,418474000
03/11/2020,68.86,256379880
03/10/2020,71.33,285290080
03/09/2020,66.54,286744840
03/06/2020,72.26,226177000
03/05/2020,73.23,187572880
03/04/2020,75.68,219178280
03/03/2020,72.33,319475400
03/02/2020,74.7,341397360
02/28/2020,68.34,426884800
02/27/2020,68.38,320605520
02/26/2020,73.16,198713720
02/25/2020,72.02,230673440
02/24/2020,74.54,222195320
02/21/2020,78.26,129705680
02/20/2020,80.08,100565960
02/19/2020,80.9,93983960
02/18/2020,79.75,152762200
02/14/2020,81.24,80113800
02/13/2020,81.22,94747560
02/12/2020,81.8,113730280
02/11/2020,79.9,94323120
02/10/2020,80.39,109348880
02/07/2020,80.01,117684040
02/06/2020,81.3,105425560
02/05/2020,80.36,118826880
02/04/2020,79.71,136616520
02/03/2020,77.17,173985600
01/31/2020,77.38,199588400
01/30/2020,80.97,126743240
01/29/2020,81.08,216599720
01/28/2020,79.42,162233960
01/27/2020,77.24,161940040
01/24/2020,79.58,146537520
01/23/2020,79.81,104471960
01/22/2020,79.42,101832480
01/21/2020,79.14,110843240
01/17/2020,79.68,137816480
01/16/2020,78.81,108829000
01/15/2020,77.83,121923520
01/14/2020,78.17,162613840
01/13/2020,79.24,122086880
01/10/2020,77.58,140869080
01/09/2020,77.41,170486160
01/08/2020,75.8,132363800
01/07/2020,74.6,111510640
01/06/2020,74.95,118578560
01/03/2020,74.36,146535520
01/02/2020,75.09,135647440
12/31/2019,73.41,100990520
12/30/2019,72.88,144238440
12/27/2019,72.45,146371760
12/26/2019,72.48,93336000
12/24/2019,71.07,48478840
12/23/2019,71.0,98711520
12/20/2019,69.86,276130960
12/19/2019,70.0,98507800
12/18/2019,69.94,116098760
12/17/2019,70.1,114303200
12/16/2019,69.96,128324440
12/13/2019,68.79,133731240
12/12/2019,67.86,137748160
12/11/2019,67.69,78893560
12/10/2019,67.12,90529520
12/09/2019,66.73,128730600
12/06/2019,67.68,106189960
12/05/2019,66.4,74645360
12/04/2019,65.44,67241560
12/03/2019,64.86,117509080
12/02/2019,66.04,94774200
11/29/2019,66.81,46617440
11/27/2019,66.96,65544480
11/26/2019,66.07,105339520
11/25/2019,66.59,84118080
11/22/2019,65.44,65325040
11/21/2019,65.5,121395120
11/20/2019,65.8,106439680
11/19/2019,66.57,76278400
11/18/2019,66.78,86803600
11/15/2019,66.44,100374680
11/14/2019,65.66,89582240
11/13/2019,66.12,103270360
11/12/2019,65.49,87388920
11/11/2019,65.55,82029840
11/08/2019,65.04,70082000
11/07/2019,64.86,94940320
11/06/2019,64.31,75864480
11/05/2019,64.28,79897720
11/04/2019,64.38,103271800
11/01/2019,63.96,151125320
10/31/2019,62.19,139162080
10/30/2019,60.82,124522080
10/29/2019,60.82,142839480
10/28/2019,62.26,96572960
10/25/2019,61.64,73477200
10/24/2019,60.9,71665040
10/23/2019,60.8,79730200
10/22/2019,59.99,90736000
10/21/2019,60.13,89469920
10/18/2019,59.1,97508680
10/17/2019,58.82,69091600
10/16/2019,58.59,77146760
10/15/2019,58.83,92161920
10/14/2019,58.97,97653920
10/11/2019,59.05,167960840
10/10/2019,57.52,115851920
10/09/2019,56.76,76117680
10/08/2019,56.1,117130800
10/07/2019,56.76,123557080
10/04/2019,56.75,139022200
10/03/2019,55.2,121410760
10/02/2019,54.74,143069040
10/01/2019,56.15,144748640
09/30/2019,55.99,105274320
09/27/2019,54.7,101445160
09/26/2019,54.97,76353240
09/25/2019,55.26,89924040
09/24/2019,54.42,125737480
09/23/2019,54.68,77678600
09/20/2019,54.43,231908360
09/19/2019,55.24,88751520
09/18/2019,55.69,102572360
09/17/2019,55.18,73545880
09/16/2019,54.98,84632560
09/13/2019,54.69,159053200
09/12/2019,55.77,128906680
09/11/2019,55.9,177158600
09/10/2019,54.18,127111720
09/09/2019,53.54,109237600
09/06/2019,53.32,77449160
09/05/2019,53.32,95787520
09/04/2019,52.3,76867280
09/03/2019,51.42,80238280
08/30/2019,52.18,84650240
08/29/2019,52.25,84030600
08/28/2019,51.38,63830520
08/27/2019,51.04,103589360
08/26/2019,51.62,104264520
08/23/2019,50.66,187531360
08/22/2019,53.12,89071280
08/21/2019,53.16,86259000
08/20/2019,52.59,107678120
08/19/2019,52.59,97727680
08/16/2019,51.62,115254480
08/15/2019,50.44,111533440
08/14/2019,50.69,146189760
08/13/2019,52.24,190159160
08/12/2019,50.12,89927560
08/09/2019,50.25,98479000
08/08/2019,50.86,108038080
08/07/2019,49.76,133457600
08/06/2019,49.25,143299160
08/05/2019,48.34,209571880
08/02/2019,51.0,163448480
08/01/2019,52.11,216071680
07/31/2019,53.26,277125440
07/30/2019,52.2,135742880
07/29/2019,52.42,86693560
07/26/2019,51.94,70475480
07/25/2019,51.76,55638240
07/24/2019,52.17,59966280
07/23/2019,52.21,73420840
07/22/2019,51.8,89111720
07/19/2019,50.65,83717240
07/18/2019,51.42,74328640
07/17/2019,50.84,56429800
07/16/2019,51.12,67467280
07/15/2019,51.3,67789680
07/12/2019,50.82,70380840
07/11/2019,50.44,80767360
07/10/2019,50.81,71588560
07/09/2019,50.31,82312080
07/08/2019,50.0,101354520
07/05/2019,51.06,69062080
07/03/2019,51.1,45448200
07/02/2019,50.68,67740880
07/01/2019,50.39,109266960
06/28/2019,49.48,124442560
06/27/2019,49.94,83598880
06/26/2019,49.95,104270040
06/25/2019,48.89,84281320
06/24/2019,49.64,72881680
06/21/2019,49.7,191202360
06/20/2019,49.86,86055960
06/19/2019,49.47,84496960
06/18/2019,49.61,106204000
06/17/2019,48.47,58676560
06/14/2019,48.18,75045880
06/13/2019,48.54,86698520
06/12/2019,48.55,73012760
06/11/2019,48.7,107731520
06/10/2019,48.14,104883400
06/07/2019,47.54,122737560
06/06/2019,46.3,90105240
06/05/2019,45.64,119093720
06/04/2019,44.91,123871840
06/03/2019,43.32,161584280
05/31/2019,43.77,108174320
05/30/2019,44.58,84873640
05/29/2019,44.34,113924680
05/28/2019,44.56,111792640
05/24/2019,44.74,94858760
05/23/2019,44.92,146118960
05/22/2019,45.7,118994240
05/21/2019,46.65,113459400
05/20/2019,45.77,154449160
05/17/2019,47.25,131516360
05/16/2019,47.52,132125440
05/15/2019,47.73,106178880
05/14/2019,47.16,146118720
05/13/2019,46.43,229722480
05/10/2019,49.3,164834840
05/09/2019,50.18,139634440
05/08/2019,50.72,105358000
05/07/2019,50.72,155054800
05/06/2019,52.12,129772440
05/03/2019,52.94,83569520
05/02/2019,52.29,127985280
05/01/2019,52.63,259309320
04/30/2019,50.17,183004640
04/29/2019,51.15,88041440
04/26/2019,51.08,74451080
04/25/2019,51.32,73855400
04/24/2019,51.79,69710280
04/23/2019,51.87,93145520
04/22/2019,51.13,71367680
04/18/2019,50.96,96742120
04/17/2019,50.78,115461240
04/16/2019,49.81,102673320
04/15/2019,49.81,70096600
04/12/2019,49.72,110954320
04/11/2019,49.74,82172760
04/10/2019,50.16,86619000
04/09/2019,49.88,142953120
04/08/2019,50.02,103319520
04/05/2019,49.25,73892280
04/04/2019,48.92,76360200
04/03/2019,48.84,92972640
04/02/2019,48.5,90909480
04/01/2019,47.81,109232800
03/29/2019,47.49,94099320
03/28/2019,47.18,82841560
03/27/2019,47.12,119084840
03/26/2019,46.7,198784400
03/25/2019,47.18,175007240
03/22/2019,47.76,169150560
03/21/2019,48.77,203772480
03/20/2019,47.04,124013520
03/19/2019,46.63,125761200
03/18/2019,47.0,104594360
03/15/2019,46.53,156069960
03/14/2019,45.93,94110640
03/13/2019,45.43,123718960
03/12/2019,45.23,129667200
03/11/2019,44.72,124492000
03/08/2019,43.23,95943840
03/07/2019,43.12,99021880
03/06/2019,43.63,83020560
03/05/2019,43.88,76953920
03/04/2019,43.96,109652240
03/01/2019,43.74,102950240
02/28/2019,43.29,111815240
02/27/2019,43.72,111270560
02/26/2019,43.58,67966440
02/25/2019,43.56,87385600
02/22/2019,43.24,75561000
02/21/2019,42.76,68618160
02/20/2019,43.01,101295560
02/19/2019,42.73,75834280
02/15/2019,42.6,98413280
02/14/2019,42.7,87140720
02/13/2019,42.54,89558640
02/12/2019,42.72,88897600
02/11/2019,42.36,83760080
02/08/2019,42.6,95175320
02/07/2019,42.74,126576960
02/06/2019,43.56,112818560
02/05/2019,43.54,144218280
02/04/2019,42.81,125538880
02/01/2019,41.63,130578360
01/31/2019,41.61,162453040
01/30/2019,41.31,243201920
01/29/2019,38.67,159659400
01/28/2019,39.08,104589120
01/25/2019,39.44,134035840
01/24/2019,38.17,101672440
01/23/2019,38.48,92186240
01/22/2019,38.33,121095960
01/18/2019,39.2,133037840
01/17/2019,38.97,118464760
01/16/2019,38.74,121932480
01/15/2019,38.27,113799760
01/14/2019,37.5,128074160
01/11/2019,38.07,107698520
01/10/2019,38.45,142644800
01/09/2019,38.33,180137480
01/08/2019,37.69,162491640
01/07/2019,36.98,218285760
01/04/2019,37.06,229694600
01/03/2019,35.55,364427360
01/02/2019,39.48,142548280
12/31/2018,39.44,137997560
12/28/2018,39.06,166962400
12/27/2018,39.04,206435400
12/26/2018,39.29,232535400
12/24/2018,36.71,148676920
12/21/2018,37.68,381991600
12/20/2018,39.21,257592920
12/19/2018,40.22,190390680
12/18/2018,41.52,135013960
12/17/2018,40.98,173001680
12/14/2018,41.37,162481440
12/13/2018,42.74,127016840
12/12/2018,42.28,141898720
12/11/2018,42.16,183872160
12/10/2018,42.4,247036000
12/07/2018,42.12,166714720
12/06/2018,43.68,170819640
12/04/2018,44.17,164565000
12/03/2018,46.2,162150800
11/30/2018,44.64,157697040
11/29/2018,44.89,166094320
11/28/2018,45.24,183767000
11/27/2018,43.56,164624560
11/26/2018,43.66,178649280
11/23/2018,43.07,94495880
11/21/2018,44.2,124384960
11/20/2018,44.24,270714720
11/19/2018,46.46,166507280
11/16/2018,48.38,144765320
11/15/2018,47.85,185086640
11/14/2018,46.7,242189360
11/13/2018,48.06,186902840
11/12/2018,48.54,203964120
11/09/2018,51.12,137271040
11/08/2018,52.12,101157080
11/07/2018,52.49,133166560
11/06/2018,50.94,127098880
11/05/2018,50.4,264288680
11/02/2018,51.87,364186240
11/01/2018,55.56,211816280
10/31/2018,54.72,152067240
10/30/2018,53.32,145951720
10/29/2018,53.06,182854760
10/26/2018,54.08,188766800
10/25/2018,54.95,116109360
10/24/2018,53.77,159968480
10/23/2018,55.68,154724680
10/22/2018,55.16,115006160
10/19/2018,54.83,131497320
10/18/2018,54.0,129557120
10/17/2018,55.3,90771520
10/16/2018,55.54,115210200
10/15/2018,54.34,121121800
10/12/2018,55.53,157979080
10/11/2018,53.61,211609280
10/10/2018,54.09,164336280
10/09/2018,56.72,106626520
10/08/2018,55.94,115138200
10/05/2018,56.07,134031080
10/04/2018,57.0,127844480
10/03/2018,58.02,114161960
10/02/2018,57.32,97740040
10/01/2018,56.82,92684080
09/28/2018,56.44,90241760
09/27/2018,56.24,118917080
09/26/2018,55.1,93721480
09/25/2018,55.55,91244560
09/24/2018,55.2,110325080
09/21/2018,54.42,382336320
09/20/2018,55.01,105552200
09/19/2018,54.59,107479520
09/18/2018,54.56,125982520
09/17/2018,54.47,147240480
09/14/2018,55.96,127207880
09/13/2018,56.6,165645400
09/12/2018,55.27,196474040
09/11/2018,55.96,142578040
09/10/2018,54.58,156778880
09/07/2018,55.32,149675640
09/06/2018,55.78,136484960
09/05/2018,56.72,133163320
09/04/2018,57.09,109455840
08/31/2018,56.91,172710160
08/30/2018,56.26,194787840
08/29/2018,55.74,108297040
08/28/2018,54.92,91005560
08/27/2018,54.48,81603080
08/24/2018,54.04,73830880
08/23/2018,53.87,74023120
08/22/2018,53.76,75863720
08/21/2018,53.76,102730800
08/20/2018,53.86,120597640
08/17/2018,54.4,140137640
08/16/2018,53.33,110381240
08/15/2018,52.56,114380920
08/14/2018,52.44,82717080
08/13/2018,52.22,103458040
08/10/2018,51.88,98369840
08/09/2018,52.22,93558120
08/08/2018,51.81,89975000
08/07/2018,51.78,102102600
08/06/2018,52.27,101584400
08/03/2018,52.0,133632200
08/02/2018,51.85,249269720
08/01/2018,50.38,271249120
07/31/2018,47.57,151389040
07/30/2018,47.48,83651560
07/27/2018,47.74,95901400
07/26/2018,48.55,76020600
07/25/2018,48.7,66214000
07/24/2018,48.25,74723720
07/23/2018,47.9,63823280
07/20/2018,47.86,82683320
07/19/2018,47.97,80728200
07/18/2018,47.6,65462880
07/17/2018,47.86,62060000
07/16/2018,47.73,60039200
07/13/2018,47.83,50027320
07/12/2018,47.76,72000720
07/11/2018,46.97,75105560
07/10/2018,47.59,63205480
07/09/2018,47.64,78545560
07/06/2018,46.99,69704640
07/05/2018,46.35,66175520
07/03/2018,45.98,55819240
07/02/2018,46.8,70700840
06/29/2018,46.28,90206640
06/28/2018,46.38,69409520
06/27/2018,46.04,99949040
06/26/2018,46.11,97513920
06/25/2018,45.54,126529280
06/22/2018,46.23,108740520
06/21/2018,46.36,102596960
06/20/2018,46.62,81960360
06/19/2018,46.42,134154200
06/18/2018,47.18,73833640
06/15/2018,47.21,245753160
06/14/2018,47.7,86338880
06/13/2018,47.68,85920480
06/12/2018,48.07,67436080
06/11/2018,47.81,72279720
06/08/2018,47.92,106322840
06/07/2018,48.36,85316680
06/06/2018,48.5,83651280
06/05/2018,48.33,86142280
06/04/2018,47.96,104762480
06/01/2018,47.56,93510760
05/31/2018,46.72,109874800
05/30/2018,46.88,74013640
05/29/2018,46.98,89636440
05/25/2018,47.14,68747040
05/24/2018,47.04,92517600
05/23/2018,47.09,79866360
05/22/2018,46.79,60913080
05/21/2018,46.91,73532320
05/18/2018,46.58,72332320
05/17/2018,46.75,68057960
05/16/2018,47.04,76186400
05/15/2018,46.61,94556280
05/14/2018,47.04,81572280
05/11/2018,47.15,104671800
05/10/2018,47.51,111769720
05/09/2018,46.84,92565040
05/08/2018,46.51,112212920
05/07/2018,46.29,170230120
05/04/2018,45.96,224548920
05/03/2018,44.22,135776440
05/02/2018,44.14,265818880
05/01/2018,42.28,208915640
04/30/2018,41.32,167906000
04/27/2018,40.58,142468920
04/26/2018,41.06,111401480
04/25/2018,40.91,113326160
04/24/2018,40.74,134699840
04/23/2018,41.31,145586360
04/20/2018,41.43,261083800
04/19/2018,43.2,138773120
04/18/2018,44.46,82178400
04/17/2018,44.56,106300040
04/16/2018,43.96,86245280
04/13/2018,43.68,100402040
04/12/2018,43.54,91435360
04/11/2018,43.11,89604160
04/10/2018,43.31,114268440
04/09/2018,42.51,115904800
04/06/2018,42.1,139798760
04/05/2018,43.2,107001040
04/04/2018,42.9,138327400
04/03/2018,42.1,120950560
04/02/2018,41.67,149702560
03/29/2018,41.94,152465160
03/28/2018,41.62,165859520
03/27/2018,42.08,159296800
03/26/2018,43.19,147114240
03/23/2018,41.24,163938160
03/22/2018,42.21,165343920
03/21/2018,42.82,145551520
03/20/2018,43.81,78482080
03/19/2018,43.82,131724440
03/16/2018,44.5,153253320
03/15/2018,44.66,90706080
03/14/2018,44.61,117338520
03/13/2018,44.99,125856680
03/12/2018,45.43,128764280
03/09/2018,45.0,128521440
03/08/2018,44.24,98075400
03/07/2018,43.76,126745800
03/06/2018,44.17,93092640
03/05/2018,44.2,111300560
03/02/2018,44.05,153704240
03/01/2018,43.75,194824680
02/28/2018,44.53,150272320
02/27/2018,44.6,155542040
02/26/2018,44.74,149414680
02/23/2018,43.88,135088200
02/22/2018,43.12,123815040
02/21/2018,42.77,149512280
02/20/2018,42.96,134762640
02/16/2018,43.11,160455160
02/15/2018,43.25,203634160
02/14/2018,41.84,161531560
02/13/2018,41.08,129933240
02/12/2018,40.68,243099600
02/09/2018,39.1,282334120
02/08/2018,38.79,216583720
02/07/2018,39.88,205869760
02/06/2018,40.76,272687760
02/05/2018,39.12,288861280
02/02/2018,40.12,343828200
02/01/2018,41.94,177812920
01/31/2018,41.86,128938080
01/30/2018,41.74,182541880
01/29/2018,41.99,202261680
01/26/2018,42.88,156301000
01/25/2018,42.78,165753120
01/24/2018,43.56,205474160
01/23/2018,44.26,129583480
01/22/2018,44.25,108208000
01/19/2018,44.62,125225560
01/18/2018,44.82,124349320
01/17/2018,44.78,137040920
01/16/2018,44.05,118049640
01/12/2018,44.27,101208800
01/11/2018,43.82,74613520
01/10/2018,43.57,95006760
01/09/2018,43.58,86128800
01/08/2018,43.59,82095480
01/05/2018,43.75,94359720
01/04/2018,43.26,89370600
01/03/2018,43.06,117844160
01/02/2018,43.06,101602160
12/29/2017,42.31,103755040
12/28/2017,42.77,65649080
12/27/2017,42.65,85909520
12/26/2017,42.64,132453360
12/22/2017,43.75,65358760
12/21/2017,43.75,83394640
12/20/2017,43.59,93805680
12/19/2017,43.64,109574640
12/18/2017,44.1,117542600
12/15/2017,43.49,160488400
12/14/2017,43.06,81770960
12/13/2017,43.07,93610040
12/12/2017,42.92,76352680
12/11/2017,43.17,137043560
12/08/2017,42.34,93143040
12/07/2017,42.33,102624440
12/06/2017,42.25,113591240
12/05/2017,42.41,109262120
12/04/2017,42.45,130050320
12/01/2017,42.76,158940440
11/30/2017,42.96,165938160
11/29/2017,42.37,165836480
11/28/2017,43.27,105548960
11/27/2017,43.52,82364360
11/24/2017,43.74,56106680
11/22/2017,43.74,102234720
11/21/2017,43.28,100188520
11/20/2017,42.5,64166200
11/17/2017,42.54,87536040
11/16/2017,42.78,94394600
11/15/2017,42.27,115992880
11/14/2017,42.84,98733400
11/13/2017,43.49,67825160
11/10/2017,43.67,100518040
11/09/2017,43.97,117690440
11/08/2017,44.06,97435680
11/07/2017,43.7,97328480
11/06/2017,43.56,139081920
11/03/2017,43.12,237328840
11/02/2017,42.03,158672400
11/01/2017,41.72,133931880
10/31/2017,42.26,143118080
10/30/2017,41.68,178605680
10/27/2017,40.76,177551080
10/26/2017,39.35,67666600
10/25/2017,39.1,84702680
10/24/2017,39.28,70534920
10/23/2017,39.04,87555720
10/20/2017,39.06,95630160
10/19/2017,38.99,169429680
10/18/2017,39.94,65011400
10/17/2017,40.12,75878800
10/16/2017,39.97,96373200
10/13/2017,39.25,65471120
10/12/2017,39.0,65522280
10/11/2017,39.14,67445800
10/10/2017,38.98,62414080
10/09/2017,38.96,64972320
10/06/2017,38.83,68895160
10/05/2017,38.85,84863480
10/04/2017,38.37,80355760
10/03/2017,38.62,64867200
10/02/2017,38.45,74526160
09/29/2017,38.53,104818680
09/28/2017,38.32,87933640
09/27/2017,38.56,101609080
09/26/2017,38.28,143631080
09/25/2017,37.64,177464560
09/22/2017,37.97,186301640
09/21/2017,38.35,149400240
09/20/2017,39.02,208504960
09/19/2017,39.68,82262480
09/18/2017,39.67,112630520
09/15/2017,39.97,195384240
09/14/2017,39.57,94549240
09/13/2017,39.91,179465120
09/12/2017,40.22,286298240
09/11/2017,40.38,126027560
09/08/2017,39.66,113646960
09/07/2017,40.32,87620640
09/06/2017,40.48,86441200
09/05/2017,40.52,117967640
09/01/2017,41.01,66257360
08/31/2017,41.0,106919760
08/30/2017,40.84,108863080
08/29/2017,40.73,117804200
08/28/2017,40.37,102599560
08/25/2017,39.97,100738400
08/24/2017,39.82,79128680
08/23/2017,39.99,77507760
08/22/2017,39.94,86259560
08/21/2017,39.3,105320280
08/18/2017,39.38,109567800
08/17/2017,39.47,109511840
08/16/2017,40.24,110429480
08/15/2017,40.4,117510520
08/14/2017,39.96,88299040
08/11/2017,39.37,104835880
08/10/2017,38.83,158544760
08/09/2017,40.26,104241720
08/08/2017,40.02,144509960
08/07/2017,39.7,87309600
08/04/2017,39.1,82059240
08/03/2017,38.89,106416560
08/02/2017,39.28,278905760
08/01/2017,37.51,134676080
07/31/2017,37.18,78761680
07/28/2017,37.38,68771080
07/27/2017,37.64,129719080
07/26/2017,38.36,62596480
07/25/2017,38.18,75193000
07/24/2017,38.02,85865480
07/21/2017,37.57,100445240
07/20/2017,37.58,68681960
07/19/2017,37.76,83439320
07/18/2017,37.52,71348520
07/17/2017,37.39,95062840
07/14/2017,37.26,80468280
07/13/2017,36.94,100322000
07/12/2017,36.44,99335200
07/11/2017,36.38,74588880
07/10/2017,36.26,84322320
07/07/2017,36.04,74108000
07/06/2017,35.68,96441320
07/05/2017,36.02,86201080
07/03/2017,35.88,57111400
06/30/2017,36.01,91947840
06/29/2017,35.92,125802080
06/28/2017,36.46,88211680
06/27/2017,35.93,98900840
06/26/2017,36.46,102698000
06/23/2017,36.57,141685240
06/22/2017,36.41,76328680
06/21/2017,36.47,84990360
06/20/2017,36.25,99511800
06/19/2017,36.58,128814560
06/16/2017,35.57,201058160
06/15/2017,36.07,126571600
06/14/2017,36.29,125818360
06/13/2017,36.65,136356760
06/12/2017,36.35,288750840
06/09/2017,37.24,259131640
06/08/2017,38.75,84576160
06/07/2017,38.84,84070240
06/06/2017,38.61,106367400
06/05/2017,38.48,101110720
06/02/2017,38.86,110860560
06/01/2017,38.3,65534440
05/31/2017,38.19,97811000
05/30/2017,38.42,80474480
05/26/2017,38.4,87580080
05/25/2017,38.47,76871240
05/24/2017,38.34,76807280
05/23/2017,38.45,79624680
05/22/2017,38.5,91722520
05/19/2017,38.26,107571400
05/18/2017,38.14,134080600
05/17/2017,37.56,202697120
05/16/2017,38.87,79977080
05/15/2017,38.92,103649080
05/12/2017,39.02,129975080
05/11/2017,38.49,108945160
05/10/2017,38.32,103116240
05/09/2017,38.5,155631760
05/08/2017,38.25,194681760
05/05/2017,37.24,109019400
05/04/2017,36.63,93383880
05/03/2017,36.76,182318960
05/02/2017,36.88,176731720
05/01/2017,36.65,133993080
04/28/2017,35.91,83133840
04/27/2017,35.95,56794640
04/26/2017,35.92,79992200
04/25/2017,36.13,73302880
04/24/2017,35.91,68470840
04/21/2017,35.57,69163600
04/20/2017,35.61,93176160
04/19/2017,35.17,69208640
04/18/2017,35.3,58705680
04/17/2017,35.46,66116520
04/13/2017,35.26,71102040
04/12/2017,35.45,81281680
04/11/2017,35.41,121366080
04/10/2017,35.79,75618720
04/07/2017,35.84,66634640
04/06/2017,35.92,84524160
04/05/2017,36.01,110598000
04/04/2017,36.19,79461200
04/03/2017,35.92,79880160
03/31/2017,35.92,78305920
03/30/2017,35.98,84756000
03/29/2017,36.03,116696160
03/28/2017,35.95,133393600
03/27/2017,35.22,94126680
03/24/2017,35.16,89420560
03/23/2017,35.23,81197240
03/22/2017,35.35,103219280
03/21/2017,34.96,157844520
03/20/2017,35.36,85032400
03/17/2017,35.0,174802280
03/16/2017,35.17,76695120
03/15/2017,35.12,102706880
03/14/2017,34.75,61127400
03/13/2017,34.8,68195200
03/10/2017,34.78,78315680
03/09/2017,34.67,88471000
03/08/2017,34.75,74782000
03/07/2017,34.88,69756840
03/06/2017,34.84,84919560
03/03/2017,34.94,86221480
03/02/2017,34.74,104682760
03/01/2017,34.95,145449760
02/28/2017,34.25,93785360
02/27/2017,34.23,80888840
02/24/2017,34.16,87018400
02/23/2017,34.13,83049440
02/22/2017,34.28,83076120
02/21/2017,34.17,97948800
02/17/2017,33.93,88653120
02/16/2017,33.84,90159440
02/15/2017,33.88,142314560
02/14/2017,33.76,132218000
02/13/2017,33.32,91959920
02/10/2017,33.03,80185000
02/09/2017,33.1,113285760
02/08/2017,33.01,91766600
02/07/2017,32.88,152633640
02/06/2017,32.57,107138120
02/03/2017,32.27,97840640
02/02/2017,32.13,134685000
02/01/2017,32.19,447349200
01/31/2017,30.34,191071040
01/30/2017,30.41,121308440
01/27/2017,30.49,81981360
01/26/2017,30.48,105282960
01/25/2017,30.47,129669640
01/24/2017,29.99,92764600
01/23/2017,30.02,87928000
01/20/2017,30.0,119690600
01/19/2017,29.94,102217160
01/18/2017,30.0,94749400
01/17/2017,30.0,137648360
01/13/2017,29.76,104332120
01/12/2017,29.81,108230200
01/11/2017,29.94,109812520
01/10/2017,29.78,97730640
01/09/2017,29.75,133681160
01/06/2017,29.48,126859280
01/05/2017,29.15,88460400
01/04/2017,29.0,84326480
01/03/2017,29.04,115076880
12/30/2016,28.96,122223600
12/29/2016,29.18,59918720
12/28/2016,29.19,82746040
12/27/2016,29.32,72527880
12/23/2016,29.13,56976200
12/22/2016,29.07,104175280
12/21/2016,29.26,94897720
12/20/2016,29.24,85349240
12/19/2016,29.16,111027040
12/16/2016,28.99,177138640
12/15/2016,28.96,185144600
12/14/2016,28.8,135849480
12/13/2016,28.8,173173400
12/12/2016,28.32,104706760
12/09/2016,28.49,137297400
12/08/2016,28.03,108199320
12/07/2016,27.76,119904120
12/06/2016,27.49,104642240
12/05/2016,27.28,136455520
12/02/2016,27.48,105925280
12/01/2016,27.37,148138080
11/30/2016,27.63,144605800
11/29/2016,27.86,114031120
11/28/2016,27.89,108217280
11/25/2016,27.95,45903680
11/23/2016,27.81,109682200
11/22/2016,27.95,103726840
11/21/2016,27.93,116656760
11/18/2016,27.52,113243360
11/17/2016,27.49,110492600
11/16/2016,27.5,234896320
11/15/2016,26.78,128922360
11/14/2016,26.43,203605520
11/11/2016,27.11,136468120
11/10/2016,26.95,228390960
11/09/2016,27.72,236474960
11/08/2016,27.76,96518520
11/07/2016,27.6,129447720
11/04/2016,27.21,123163720
11/03/2016,27.46,106154800
11/02/2016,27.9,112699920
11/01/2016,27.87,173615040
10/31/2016,28.38,105515640
10/28/2016,28.43,147168400
10/27/2016,28.62,125584520
10/26/2016,28.9,264114560
10/25/2016,29.56,187282400
10/24/2016,29.41,93970600
10/21/2016,29.15,90110760
10/20/2016,29.26,96400600
10/19/2016,29.28,79908640
10/18/2016,29.37,97232840
10/17/2016,29.39,94335240
10/14/2016,29.41,142504080
10/13/2016,29.24,140167280
10/12/2016,29.34,150051720
10/11/2016,29.08,255852040
10/10/2016,29.01,144351640
10/07/2016,28.52,97345760
10/06/2016,28.47,114034840
10/05/2016,28.26,85601640
10/04/2016,28.25,118829080
10/03/2016,28.13,86538080
09/30/2016,28.26,145362680
09/29/2016,28.04,143400040
09/28/2016,28.49,118433560
09/27/2016,28.27,98349960
09/26/2016,28.22,119200960
09/23/2016,28.18,209644280
09/22/2016,28.66,124192680
09/21/2016,28.39,143807600
09/20/2016,28.39,137976600
09/19/2016,28.4,187748760
09/16/2016,28.73,319055560
09/15/2016,28.89,361592680
09/14/2016,27.94,444747600
09/13/2016,26.99,248320640
09/12/2016,26.36,180458360
09/09/2016,25.78,185846440
09/08/2016,26.38,211821240
09/07/2016,27.09,169001920
09/06/2016,26.92,106580520
09/02/2016,26.93,105575080
09/01/2016,26.68,106701000
08/31/2016,26.52,126556040
08/30/2016,26.5,99271760
08/29/2016,26.7,99600520
08/26/2016,26.74,110977200
08/25/2016,26.89,100006920
08/24/2016,27.01,94424960
08/23/2016,27.21,84947400
08/22/2016,27.13,103137680
08/19/2016,27.34,100435560
08/18/2016,27.27,87673360
08/17/2016,27.3,101314720
08/16/2016,27.34,135018720
08/15/2016,27.37,102817320
08/12/2016,27.04,74594800
08/11/2016,26.98,109840280
08/10/2016,27.0,95359520
08/09/2016,27.2,105185040
08/08/2016,27.09,112041720
08/05/2016,26.87,158186440
08/04/2016,26.47,107126920
08/03/2016,26.45,120593440
08/02/2016,26.12,135080880
08/01/2016,26.51,152075640
07/29/2016,26.05,110791880
07/28/2016,26.08,155087360
07/27/2016,25.74,368575680
07/26/2016,24.17,213818480
07/25/2016,24.34,161162320
07/22/2016,24.66,112872960
07/21/2016,24.86,130760320
07/20/2016,24.99,104876440
07/19/2016,24.97,95065440
07/18/2016,24.96,145858120
07/15/2016,24.7,120125640
07/14/2016,24.7,155543920
07/13/2016,24.22,103518720
07/12/2016,24.36,96518120
07/11/2016,24.24,93271960
07/08/2016,24.17,115510000
07/07/2016,23.98,97843400
07/06/2016,23.88,123510160
07/05/2016,23.75,110215000
07/01/2016,23.97,103928320
06/30/2016,23.9,143133280
06/29/2016,23.6,146021680
06/28/2016,23.4,161551840
06/27/2016,23.01,182382720
06/24/2016,23.35,300878840
06/23/2016,24.02,128169160
06/22/2016,23.89,116496560
06/21/2016,23.98,141628200
06/20/2016,23.78,137423880
06/17/2016,23.83,243173040
06/16/2016,24.39,125007480
06/15/2016,24.28,117492200
06/14/2016,24.36,127562960
06/13/2016,24.34,150833440
06/10/2016,24.71,126688880
06/09/2016,24.91,106302280
06/08/2016,24.74,83359800
06/07/2016,24.76,89513520
06/06/2016,24.66,93060800
06/03/2016,24.48,113950280
06/02/2016,24.43,160680800
06/01/2016,24.62,116556400
05/31/2016,24.96,169072160
05/27/2016,25.09,145197840
05/26/2016,25.1,225173960
05/25/2016,24.9,153033200
05/24/2016,24.48,140297520
05/23/2016,24.11,151908080
05/20/2016,23.8,127336080
05/19/2016,23.55,121671520
05/18/2016,23.64,168039320
05/17/2016,23.37,187435640
05/16/2016,23.47,244769360
05/13/2016,22.63,176892160
05/12/2016,22.58,304733840
05/11/2016,23.13,114564720
05/10/2016,23.36,134612080
05/09/2016,23.2,131582600
05/06/2016,23.18,174660640
05/05/2016,23.31,143400880
05/04/2016,23.55,163936640
05/03/2016,23.8,227080320
05/02/2016,23.41,191377960
04/29/2016,23.44,273555360
04/28/2016,23.71,328428480
04/27/2016,24.46,457745200
04/26/2016,26.09,211919120
04/25/2016,26.27,111991960
04/22/2016,26.42,134623240
04/21/2016,26.49,125667640
04/20/2016,26.78,122307920
04/19/2016,26.73,129362480
04/18/2016,26.87,243139680
04/15/2016,27.46,187494680
04/14/2016,28.02,101459680
04/13/2016,28.01,131087040
04/12/2016,27.61,108602280
04/11/2016,27.26,117431760
04/08/2016,27.16,94215160
04/07/2016,27.14,126943240
04/06/2016,27.74,104715360
04/05/2016,27.45,106241680
04/04/2016,27.78,149291720
04/01/2016,27.5,103281840
03/31/2016,27.25,103055360
03/30/2016,27.39,182190360
03/29/2016,26.92,124619640
03/28/2016,26.3,77417760
03/24/2016,26.42,102273400
03/23/2016,26.53,102745400
03/22/2016,26.68,129381720
03/21/2016,26.48,141816920
03/18/2016,26.48,174428480
03/17/2016,26.45,137579320
03/16/2016,26.49,152946920
03/15/2016,26.14,160105000
03/14/2016,25.63,100233120
03/11/2016,25.56,109475360
03/10/2016,25.29,133962520
03/09/2016,25.28,108594120
03/08/2016,25.26,126154840
03/07/2016,25.47,143562960
03/04/2016,25.75,184106400
03/03/2016,25.38,147537960
03/02/2016,25.19,132544520
03/01/2016,25.13,201214000
02/29/2016,24.17,140525840
02/26/2016,24.23,115799040
02/25/2016,24.19,110104160
02/24/2016,24.02,144768600
02/23/2016,23.67,127404720
02/22/2016,24.22,136961880
02/19/2016,24.01,141162280
02/18/2016,24.06,155464400
02/17/2016,24.53,179247200
02/16/2016,24.16,192130400
02/12/2016,23.5,161292080
02/11/2016,23.42,199918800
02/10/2016,23.57,169155160
02/09/2016,23.75,177130240
02/08/2016,23.75,215682200
02/05/2016,23.5,185262480
02/04/2016,24.15,185672920
02/03/2016,24.09,183480520
02/02/2016,23.62,148762000
02/01/2016,24.11,163257440
01/29/2016,24.34,257329760
01/28/2016,23.52,222489480
01/27/2016,23.36,532236000
01/26/2016,25.0,287749240
01/25/2016,24.86,206119920
01/22/2016,25.36,262594640
01/21/2016,24.08,208396800
01/20/2016,24.2,289097200
01/19/2016,24.16,211843240
01/15/2016,24.28,317424040
01/14/2016,24.88,252000560
01/13/2016,24.35,249143080
01/12/2016,24.99,196184600
01/11/2016,24.63,198751480
01/08/2016,24.24,282888000
01/07/2016,24.11,322969840
01/06/2016,25.18,273537080
01/05/2016,25.68,222332560
01/04/2016,26.34,270276360
12/31/2015,26.32,163541920
12/30/2015,26.83,100736360
12/29/2015,27.18,123649040
12/28/2015,26.7,106559720
12/24/2015,27.01,54386720
12/23/2015,27.15,130472560
12/22/2015,26.81,130913840
12/21/2015,26.83,190028920
12/18/2015,26.51,384788760
12/17/2015,27.24,178619320
12/16/2015,27.84,224629480
12/15/2015,27.62,212674320
12/14/2015,28.12,258712880
12/11/2015,28.3,187240080
12/10/2015,29.04,116634560
12/09/2015,28.9,185207720
12/08/2015,29.56,137101680
12/07/2015,29.57,128252400
12/04/2015,29.76,230871480
12/03/2015,28.8,166045520
12/02/2015,29.07,133267960
12/01/2015,29.34,139225000
11/30/2015,29.58,152252520
11/27/2015,29.45,52185800
11/25/2015,29.51,85367840
11/24/2015,29.72,170991800
11/23/2015,29.44,129782720
11/20/2015,29.82,136540920
11/19/2015,29.7,172935800
11/18/2015,29.32,186238920
11/17/2015,28.42,110336080
11/16/2015,28.54,151918280
11/13/2015,28.08,182221200
11/12/2015,28.93,129845400
11/11/2015,29.03,180717600
11/10/2015,29.19,236117600
11/09/2015,30.14,135317160
11/06/2015,30.26,132036440
11/05/2015,30.23,157933600
11/04/2015,30.5,179316240
11/03/2015,30.64,181917040
11/02/2015,30.3,128611480
10/30/2015,29.88,197220880
10/29/2015,30.13,204424400
10/28/2015,29.82,341744840
10/27/2015,28.64,270693800
10/26/2015,28.82,264559080
10/23/2015,29.77,237006960
10/22/2015,28.88,165722640
10/21/2015,28.44,169107520
10/20/2015,28.44,195716800
10/19/2015,27.93,118895000
10/16/2015,27.76,155179720
10/15/2015,27.96,150488800
10/14/2015,27.55,177736880
10/13/2015,27.95,131883160
10/12/2015,27.9,121547320
10/09/2015,28.03,210882480
10/08/2015,27.38,246989040
10/07/2015,27.7,186871080
10/06/2015,27.83,194808800
10/05/2015,27.7,208132400
10/02/2015,27.6,231099760
10/01/2015,27.4,255397880
09/30/2015,27.58,265203720
09/29/2015,27.26,292921120
09/28/2015,28.11,207447960
09/25/2015,28.68,224022200
09/24/2015,28.75,200246320
09/23/2015,28.58,142713440
09/22/2015,28.35,201112120
09/21/2015,28.8,186376880
09/18/2015,28.36,295964000
09/17/2015,28.48,254849360
09/16/2015,29.1,148322880
09/15/2015,29.07,172873400
09/14/2015,28.83,233118280
09/11/2015,28.55,199175000
09/10/2015,28.14,251203080
09/09/2015,27.54,339031120
09/08/2015,28.08,218029200
09/04/2015,27.32,199617840
09/03/2015,27.59,212570360
09/02/2015,28.08,246725000
09/01/2015,26.93,306248680
08/31/2015,28.19,224446360
08/28/2015,28.32,212303840
08/27/2015,28.23,335300880
08/26/2015,27.42,386127560
08/25/2015,25.94,410926800
08/24/2015,25.78,647530000
08/21/2015,26.44,508986400
08/20/2015,28.16,272707760
08/19/2015,28.75,192317320
08/18/2015,29.12,138102520
08/17/2015,29.29,163309040
08/14/2015,28.99,171505480
08/13/2015,28.79,193630560
08/12/2015,28.81,406373600
08/11/2015,28.37,387282680
08/10/2015,29.93,219404040
08/07/2015,28.88,154440480
08/06/2015,28.78,211315560
08/05/2015,28.85,396809600
08/04/2015,28.66,494407600
08/03/2015,29.61,278559600
07/31/2015,30.32,171331560
07/30/2015,30.59,133603800
07/29/2015,30.75,147648160
07/28/2015,30.84,134281520
07/27/2015,30.69,177486320
07/24/2015,31.12,168361280
07/23/2015,31.29,203331800
07/22/2015,31.3,461153600
07/21/2015,32.69,292027120
07/20/2015,33.02,220819680
07/17/2015,32.4,183881880
07/16/2015,32.13,143950520
07/15/2015,31.7,134239080
07/14/2015,31.4,126783480
07/13/2015,31.42,165462400
07/10/2015,30.82,245171200
07/09/2015,30.02,313166040
07/08/2015,30.64,242439320
07/07/2015,31.42,186948360
07/06/2015,31.5,111891800
07/02/2015,31.61,108684720
07/01/2015,31.65,120827560
06/30/2015,31.36,177304200
06/29/2015,31.13,196173640
06/26/2015,31.69,175945160
06/25/2015,31.88,127489560
06/24/2015,32.03,220310080
06/23/2015,31.76,120768560
06/22/2015,31.9,135904720
06/19/2015,31.65,217446120
06/18/2015,31.97,141455960
06/17/2015,31.82,131435600
06/16/2015,31.9,125774600
06/15/2015,31.73,175587840
06/12/2015,31.79,147305040
06/11/2015,32.15,141378080
06/10/2015,32.22,156116760
06/09/2015,31.86,224011360
06/08/2015,31.95,210439600
06/05/2015,32.16,142311040
06/04/2015,32.34,153343920
06/03/2015,32.53,123759240
06/02/2015,32.49,134383920
06/01/2015,32.63,128064080
05/29/2015,32.57,201896680
05/28/2015,32.94,122715360
05/27/2015,33.01,183084480
05/26/2015,32.4,282178680
05/22/2015,33.14,181877360
05/21/2015,32.85,158359120
05/20/2015,32.52,145044680
05/19/2015,32.52,177581760
05/18/2015,32.55,202892960
05/15/2015,32.19,152513880
05/14/2015,32.24,180495680
05/13/2015,31.5,138446400
05/12/2015,31.47,192293800
05/11/2015,31.58,167682960
05/08/2015,31.9,221895280
05/07/2015,31.32,170615680
05/06/2015,31.25,288149480
05/05/2015,31.45,196511080
05/04/2015,32.17,203620080
05/01/2015,32.24,229396000
04/30/2015,31.29,331699920
04/29/2015,32.16,252252960
04/28/2015,32.64,474774800
04/27/2015,33.16,380337040
04/24/2015,32.57,176838840
04/23/2015,32.42,182386760
04/22/2015,32.16,150301680
04/21/2015,31.73,129365520
04/20/2015,31.9,187900440
04/17/2015,31.19,205925240
04/16/2015,31.54,112080960
04/15/2015,31.7,115689680
04/14/2015,31.58,101673120
04/13/2015,31.71,144994480
04/10/2015,31.78,160503040
04/09/2015,31.64,128977440
04/08/2015,31.4,149088360
04/07/2015,31.5,139579240
04/06/2015,31.84,147669960
04/02/2015,31.33,128685640
04/01/2015,31.06,161852560
03/31/2015,31.11,168077680
03/30/2015,31.59,187899920
03/27/2015,30.81,157886880
03/26/2015,31.06,189638440
03/25/2015,30.84,206022400
03/24/2015,31.67,130988800
03/23/2015,31.8,150390400
03/20/2015,31.48,274064720
03/19/2015,31.87,182698080
03/18/2015,32.12,260472680
03/17/2015,31.76,203564920
03/16/2015,31.24,143265200
03/13/2015,30.9,206978680
03/12/2015,31.11,192933080
03/11/2015,30.56,275250760
03/10/2015,31.13,274881440
03/09/2015,31.78,353640960
03/06/2015,31.65,290798720
03/05/2015,31.6,225565120
03/04/2015,32.14,126353920
03/03/2015,32.34,150999600
03/02/2015,32.27,192170720
02/27/2015,32.12,247725400
02/26/2015,32.6,364687320
02/25/2015,32.2,298220480
02/24/2015,33.04,276437640
02/23/2015,33.25,292357000
02/20/2015,32.37,195513640
02/19/2015,32.11,149181840
02/18/2015,32.18,178783920
02/17/2015,31.96,252056440
02/13/2015,31.77,215822600
02/12/2015,31.62,297498520
02/11/2015,31.22,293112080
02/10/2015,30.5,247381560
02/09/2015,29.93,151603120
02/06/2015,29.73,174534640
02/05/2015,29.98,168788440
02/04/2015,29.89,279900720
02/03/2015,29.66,207368320
02/02/2015,29.66,250169760
01/30/2015,29.29,334587200
01/29/2015,29.72,336528520
01/28/2015,28.83,584737200
01/27/2015,27.28,369306560
01/26/2015,28.28,221829680
01/23/2015,28.24,185680080
01/22/2015,28.1,214869760
01/21/2015,27.39,193931440
01/20/2015,27.18,198969280
01/16/2015,26.5,313813320
01/15/2015,26.7,239233880
01/14/2015,27.45,194912760
01/13/2015,27.56,267879920
01/12/2015,27.31,198284680
01/09/2015,28.0,214582920
01/08/2015,27.97,236675040
01/07/2015,26.94,159933400
01/06/2015,26.56,262729000
01/05/2015,26.56,256843520
01/02/2015,27.33,212575080
12/31/2014,27.6,165219120
12/30/2014,28.13,119194640
12/29/2014,28.48,110133720
12/26/2014,28.5,134724800
12/24/2014,28.0,57918440
12/23/2014,28.14,103964120
12/22/2014,28.24,180388240
12/19/2014,27.94,346383320
12/18/2014,28.16,235142360
12/17/2014,27.35,213063720
12/16/2014,26.69,242607160
12/15/2014,27.06,268333040
12/12/2014,27.43,223495280
12/11/2014,27.9,165618760
12/10/2014,27.99,177901440
12/09/2014,28.53,240448960
12/08/2014,28.1,229780120
12/05/2014,28.75,152923880
12/04/2014,28.87,168272080
12/03/2014,28.98,171824800
12/02/2014,28.66,236821280
12/01/2014,28.77,334631120
11/28/2014,29.73,99257600
11/26/2014,29.75,163027800
11/25/2014,29.4,274879720
11/24/2014,29.66,187469360
11/21/2014,29.12,227037280
11/20/2014,29.08,172594600
11/19/2014,28.67,167262200
11/18/2014,28.87,176653000
11/17/2014,28.5,186750840
11/14/2014,28.54,175156240
11/13/2014,28.2,237672720
11/12/2014,27.81,185490520
11/11/2014,27.42,109321640
11/10/2014,27.21,108264240
11/07/2014,27.25,134621120
11/06/2014,27.18,138934960
11/05/2014,27.22,149462120
11/04/2014,27.15,165694640
11/03/2014,27.35,208617960
10/31/2014,27.0,178203160
10/30/2014,26.74,162288000
10/29/2014,26.84,210182320
10/28/2014,26.68,190756280
10/27/2014,26.28,136344480
10/24/2014,26.3,187751520
10/23/2014,26.21,283040600
10/22/2014,25.75,272560040
10/21/2014,25.62,375146720
10/20/2014,24.94,302820160
10/17/2014,24.42,270895640
10/16/2014,24.06,288071320
10/15/2014,24.38,399771160
10/14/2014,24.69,253148680
10/13/2014,24.95,213748240
10/10/2014,25.18,264999080
10/09/2014,25.26,309133320
10/08/2014,25.2,229319280
10/07/2014,24.69,168012800
10/06/2014,24.9,147122480
10/03/2014,24.9,173678320
10/02/2014,24.98,190788600
10/01/2014,24.8,205601040
09/30/2014,25.19,220479920
09/29/2014,25.03,197053040
09/26/2014,25.19,249107080
09/25/2014,24.47,398757200
09/24/2014,25.44,239897040
09/23/2014,25.66,253023440
09/22/2014,25.26,209686640
09/19/2014,25.24,282989720
09/18/2014,25.45,147884680
09/17/2014,25.4,243132360
09/16/2014,25.22,267017480
09/15/2014,25.41,244678680
09/12/2014,25.42,251304160
09/11/2014,25.36,248308920
09/10/2014,25.25,401410000
09/09/2014,24.5,757678000
09/08/2014,24.59,184706280
09/05/2014,24.74,233120120
09/04/2014,24.53,342150840
09/03/2014,24.74,500001600
09/02/2014,25.82,212911080
08/29/2014,25.62,178064480
08/28/2014,25.56,273474960
08/27/2014,25.53,187228000
08/26/2014,25.22,132316680
08/25/2014,25.38,160348880
08/22/2014,25.33,176113120
08/21/2014,25.14,133510120
08/20/2014,25.14,210260000
08/19/2014,25.13,276759360
08/18/2014,24.79,189142520
08/15/2014,24.5,195752480
08/14/2014,24.38,112226120
08/13/2014,24.31,127466520
08/12/2014,23.99,133943480
08/11/2014,24.0,145837720
08/08/2014,23.68,167133200
08/07/2014,23.62,186213400
08/06/2014,23.74,153854800
08/05/2014,23.78,223444120
08/04/2014,23.9,159442960
08/01/2014,24.03,193518920
07/31/2014,23.9,226501680
07/30/2014,24.54,131913920
07/29/2014,24.6,171831840
07/28/2014,24.76,219707760
07/25/2014,24.42,173538360
07/24/2014,24.26,182436160
07/23/2014,24.3,363748920
07/22/2014,23.68,217190120
07/21/2014,23.48,155171840
07/18/2014,23.61,199352440
07/17/2014,23.27,228444640
07/16/2014,23.7,213295760
07/15/2014,23.83,180749680
07/14/2014,24.11,170575040
07/11/2014,23.8,135841200
07/10/2014,23.76,158535200
07/09/2014,23.85,145069400
07/08/2014,23.84,260447840
07/07/2014,23.99,219236120
07/03/2014,23.51,91567000
07/02/2014,23.37,113657240
07/01/2014,23.38,152625120
06/30/2014,23.23,197896920
06/27/2014,23.0,247032800
06/26/2014,22.72,130114720
06/25/2014,22.59,147343600
06/24/2014,22.57,155910680
06/23/2014,22.71,174446840
06/20/2014,22.73,401914400
06/19/2014,22.96,141904320
06/18/2014,23.04,133258880
06/17/2014,23.02,118738480
06/16/2014,23.05,141485840
06/13/2014,22.82,217626560
06/12/2014,23.07,218514600
06/11/2014,23.46,182114960
06/10/2014,23.56,250252280
06/09/2014,23.42,301181800
06/06/2014,23.06,349612060
06/05/2014,23.12,303186119
06/04/2014,23.03,334940906
06/03/2014,22.77,292173443
06/02/2014,22.45,368718413
05/30/2014,22.61,563440415
05/29/2014,22.69,374950650
05/28/2014,22.29,315174594
05/27/2014,22.34,347361701
05/23/2014,21.93,231673307
05/22/2014,21.69,200570528
05/21/2014,21.65,196739793
05/20/2014,21.6,232929331
05/19/2014,21.59,315279314
05/16/2014,21.34,275840350
05/15/2014,21.03,229710816
05/14/2014,21.21,166020698
05/13/2014,21.21,159417936
05/12/2014,21.17,212736019
05/09/2014,20.91,291068564
05/08/2014,21.0,228973884
05/07/2014,21.15,282128727
05/06/2014,21.23,373872650
05/05/2014,21.46,286095206
05/02/2014,21.16,190692468
05/01/2014,21.12,243835270
04/30/2014,21.07,456118138
04/29/2014,21.15,336197546
04/28/2014,21.22,668006093
04/25/2014,20.43,389740524
04/24/2014,20.28,758353097
04/23/2014,18.74,373894210
04/22/2014,18.99,202430847
04/21/2014,18.97,182185847
04/17/2014,18.75,283914286
04/16/2014,18.54,210063028
04/15/2014,18.5,265847350
04/14/2014,18.63,205010850
04/11/2014,18.56,271682603
04/10/2014,18.7,238807088
04/09/2014,18.94,205430682
04/08/2014,18.69,243523547
04/07/2014,18.7,288587765
04/04/2014,18.99,274460790
04/03/2014,19.24,161890979
04/02/2014,19.38,179215104
04/01/2014,19.34,200278488
03/31/2014,19.17,167151785
03/28/2014,19.17,198812044
03/27/2014,19.2,221321543
03/26/2014,19.28,297579401
03/25/2014,19.46,281137248
03/24/2014,19.26,354697698
03/21/2014,19.03,373726491
03/20/2014,18.88,208069513
03/19/2014,18.97,224310262
03/18/2014,18.98,209116460
03/17/2014,18.81,198900664
03/14/2014,18.74,236664557
03/13/2014,18.95,257255973
03/12/2014,19.16,199276144
03/11/2014,19.15,279164956
03/10/2014,18.96,178555677
03/07/2014,18.94,220657552
03/06/2014,18.96,185452998
03/05/2014,19.01,200003500
03/04/2014,18.97,259089580
03/03/2014,18.85,238686157
02/28/2014,18.79,371720571
02/27/2014,18.85,301778279
02/26/2014,18.48,276096886
02/25/2014,18.64,231846263
02/24/2014,18.84,288835564
02/21/2014,18.76,278751984
02/20/2014,18.97,305829318
02/19/2014,19.19,313663435
02/18/2014,19.5,260192220
02/14/2014,19.43,273580835
02/13/2014,19.44,307160157
02/12/2014,19.14,307977477
02/11/2014,19.14,281957647
02/10/2014,18.89,345370342
02/07/2014,18.56,373779410
02/06/2014,18.3,257660377
02/05/2014,18.31,328291189
02/04/2014,18.17,376666769
02/03/2014,17.91,401391319
01/31/2014,17.88,464766494
01/30/2014,17.85,678407529
01/29/2014,17.88,502717399
01/28/2014,18.09,1065209454
01/27/2014,19.66,543707143
01/24/2014,19.5,431772427
01/23/2014,19.86,403214119
01/22/2014,19.7,379766648
01/21/2014,19.61,327587829
01/17/2014,19.31,426643109
01/16/2014,19.79,229251980
01/15/2014,19.91,391554083
01/14/2014,19.51,332329907
01/13/2014,19.13,378449529
01/10/2014,19.03,304941998
01/09/2014,19.16,279051080
01/08/2014,19.41,256633533
01/07/2014,19.29,320691432
01/06/2014,19.43,412529155
01/03/2014,19.32,392187723
